{"cameraMode":{"drawMode":0,"name":"Shaded","section":"Shading Mode"},"sceneLighting":true,"audioPlay":false,"sceneViewState":{"showFog":true,"showMaterialUpdate":false,"showSkybox":true,"showFlares":true,"showImageEffects":true,"showParticleSystems":true},"in2DMode":false,"pivot":{"x":-9.686660766601563,"y":24.701358795166017,"z":0.5597379207611084},"rotation":{"x":-0.509091854095459,"y":-0.4790571630001068,"z":0.42299216985702517,"w":-0.5765965580940247},"size":80.26590728759766,"orthographic":false}